--
-- PostgreSQL database cluster dump
--

SET default_transaction_read_only = off;

SET client_encoding = 'UTF8';
SET standard_conforming_strings = on;

--
-- Roles
--

CREATE ROLE postgres;
ALTER ROLE postgres WITH SUPERUSER INHERIT CREATEROLE CREATEDB LOGIN REPLICATION BYPASSRLS;

--
-- User Configurations
--








--
-- Databases
--

--
-- Database "template1" dump
--

\connect template1

--
-- PostgreSQL database dump
--

-- Dumped from database version 16.3 (Debian 16.3-1.pgdg120+1)
-- Dumped by pg_dump version 16.3 (Debian 16.3-1.pgdg120+1)

SET statement_timeout = 0;
SET lock_timeout = 0;
SET idle_in_transaction_session_timeout = 0;
SET client_encoding = 'UTF8';
SET standard_conforming_strings = on;
SELECT pg_catalog.set_config('search_path', '', false);
SET check_function_bodies = false;
SET xmloption = content;
SET client_min_messages = warning;
SET row_security = off;

--
-- PostgreSQL database dump complete
--

--
-- Database "postgres" dump
--

\connect postgres

--
-- PostgreSQL database dump
--

-- Dumped from database version 16.3 (Debian 16.3-1.pgdg120+1)
-- Dumped by pg_dump version 16.3 (Debian 16.3-1.pgdg120+1)

SET statement_timeout = 0;
SET lock_timeout = 0;
SET idle_in_transaction_session_timeout = 0;
SET client_encoding = 'UTF8';
SET standard_conforming_strings = on;
SELECT pg_catalog.set_config('search_path', '', false);
SET check_function_bodies = false;
SET xmloption = content;
SET client_min_messages = warning;
SET row_security = off;

--
-- Name: pg_trgm; Type: EXTENSION; Schema: -; Owner: -
--

CREATE EXTENSION IF NOT EXISTS pg_trgm WITH SCHEMA public;


--
-- Name: EXTENSION pg_trgm; Type: COMMENT; Schema: -; Owner: 
--

COMMENT ON EXTENSION pg_trgm IS 'text similarity measurement and index searching based on trigrams';


--
-- Name: unaccent; Type: EXTENSION; Schema: -; Owner: -
--

CREATE EXTENSION IF NOT EXISTS unaccent WITH SCHEMA public;


--
-- Name: EXTENSION unaccent; Type: COMMENT; Schema: -; Owner: 
--

COMMENT ON EXTENSION unaccent IS 'text search dictionary that removes accents';


SET default_tablespace = '';

SET default_table_access_method = heap;

--
-- Name: accounts_customuser; Type: TABLE; Schema: public; Owner: postgres
--

CREATE TABLE public.accounts_customuser (
    id bigint NOT NULL,
    password character varying(128) NOT NULL,
    last_login timestamp with time zone,
    is_superuser boolean NOT NULL,
    is_staff boolean NOT NULL,
    first_name character varying(100) NOT NULL,
    last_name character varying(100) NOT NULL,
    username character varying(100) NOT NULL,
    date_joined date NOT NULL,
    date_of_birth date,
    gender integer NOT NULL,
    is_activated boolean NOT NULL,
    send_messages boolean NOT NULL,
    phone_number character varying(128) NOT NULL,
    email character varying(255) NOT NULL,
    is_active boolean NOT NULL,
    is_admin boolean NOT NULL
);


ALTER TABLE public.accounts_customuser OWNER TO postgres;

--
-- Name: accounts_customuser_groups; Type: TABLE; Schema: public; Owner: postgres
--

CREATE TABLE public.accounts_customuser_groups (
    id bigint NOT NULL,
    customuser_id bigint NOT NULL,
    group_id integer NOT NULL
);


ALTER TABLE public.accounts_customuser_groups OWNER TO postgres;

--
-- Name: accounts_customuser_groups_id_seq; Type: SEQUENCE; Schema: public; Owner: postgres
--

ALTER TABLE public.accounts_customuser_groups ALTER COLUMN id ADD GENERATED BY DEFAULT AS IDENTITY (
    SEQUENCE NAME public.accounts_customuser_groups_id_seq
    START WITH 1
    INCREMENT BY 1
    NO MINVALUE
    NO MAXVALUE
    CACHE 1
);


--
-- Name: accounts_customuser_id_seq; Type: SEQUENCE; Schema: public; Owner: postgres
--

ALTER TABLE public.accounts_customuser ALTER COLUMN id ADD GENERATED BY DEFAULT AS IDENTITY (
    SEQUENCE NAME public.accounts_customuser_id_seq
    START WITH 1
    INCREMENT BY 1
    NO MINVALUE
    NO MAXVALUE
    CACHE 1
);


--
-- Name: accounts_customuser_user_permissions; Type: TABLE; Schema: public; Owner: postgres
--

CREATE TABLE public.accounts_customuser_user_permissions (
    id bigint NOT NULL,
    customuser_id bigint NOT NULL,
    permission_id integer NOT NULL
);


ALTER TABLE public.accounts_customuser_user_permissions OWNER TO postgres;

--
-- Name: accounts_customuser_user_permissions_id_seq; Type: SEQUENCE; Schema: public; Owner: postgres
--

ALTER TABLE public.accounts_customuser_user_permissions ALTER COLUMN id ADD GENERATED BY DEFAULT AS IDENTITY (
    SEQUENCE NAME public.accounts_customuser_user_permissions_id_seq
    START WITH 1
    INCREMENT BY 1
    NO MINVALUE
    NO MAXVALUE
    CACHE 1
);


--
-- Name: auth_group; Type: TABLE; Schema: public; Owner: postgres
--

CREATE TABLE public.auth_group (
    id integer NOT NULL,
    name character varying(150) NOT NULL
);


ALTER TABLE public.auth_group OWNER TO postgres;

--
-- Name: auth_group_id_seq; Type: SEQUENCE; Schema: public; Owner: postgres
--

ALTER TABLE public.auth_group ALTER COLUMN id ADD GENERATED BY DEFAULT AS IDENTITY (
    SEQUENCE NAME public.auth_group_id_seq
    START WITH 1
    INCREMENT BY 1
    NO MINVALUE
    NO MAXVALUE
    CACHE 1
);


--
-- Name: auth_group_permissions; Type: TABLE; Schema: public; Owner: postgres
--

CREATE TABLE public.auth_group_permissions (
    id bigint NOT NULL,
    group_id integer NOT NULL,
    permission_id integer NOT NULL
);


ALTER TABLE public.auth_group_permissions OWNER TO postgres;

--
-- Name: auth_group_permissions_id_seq; Type: SEQUENCE; Schema: public; Owner: postgres
--

ALTER TABLE public.auth_group_permissions ALTER COLUMN id ADD GENERATED BY DEFAULT AS IDENTITY (
    SEQUENCE NAME public.auth_group_permissions_id_seq
    START WITH 1
    INCREMENT BY 1
    NO MINVALUE
    NO MAXVALUE
    CACHE 1
);


--
-- Name: auth_permission; Type: TABLE; Schema: public; Owner: postgres
--

CREATE TABLE public.auth_permission (
    id integer NOT NULL,
    name character varying(255) NOT NULL,
    content_type_id integer NOT NULL,
    codename character varying(100) NOT NULL
);


ALTER TABLE public.auth_permission OWNER TO postgres;

--
-- Name: auth_permission_id_seq; Type: SEQUENCE; Schema: public; Owner: postgres
--

ALTER TABLE public.auth_permission ALTER COLUMN id ADD GENERATED BY DEFAULT AS IDENTITY (
    SEQUENCE NAME public.auth_permission_id_seq
    START WITH 1
    INCREMENT BY 1
    NO MINVALUE
    NO MAXVALUE
    CACHE 1
);


--
-- Name: django_admin_log; Type: TABLE; Schema: public; Owner: postgres
--

CREATE TABLE public.django_admin_log (
    id integer NOT NULL,
    action_time timestamp with time zone NOT NULL,
    object_id text,
    object_repr character varying(200) NOT NULL,
    action_flag smallint NOT NULL,
    change_message text NOT NULL,
    content_type_id integer,
    user_id bigint NOT NULL,
    CONSTRAINT django_admin_log_action_flag_check CHECK ((action_flag >= 0))
);


ALTER TABLE public.django_admin_log OWNER TO postgres;

--
-- Name: django_admin_log_id_seq; Type: SEQUENCE; Schema: public; Owner: postgres
--

ALTER TABLE public.django_admin_log ALTER COLUMN id ADD GENERATED BY DEFAULT AS IDENTITY (
    SEQUENCE NAME public.django_admin_log_id_seq
    START WITH 1
    INCREMENT BY 1
    NO MINVALUE
    NO MAXVALUE
    CACHE 1
);


--
-- Name: django_celery_results_chordcounter; Type: TABLE; Schema: public; Owner: postgres
--

CREATE TABLE public.django_celery_results_chordcounter (
    id integer NOT NULL,
    group_id character varying(255) NOT NULL,
    sub_tasks text NOT NULL,
    count integer NOT NULL,
    CONSTRAINT django_celery_results_chordcounter_count_check CHECK ((count >= 0))
);


ALTER TABLE public.django_celery_results_chordcounter OWNER TO postgres;

--
-- Name: django_celery_results_chordcounter_id_seq; Type: SEQUENCE; Schema: public; Owner: postgres
--

ALTER TABLE public.django_celery_results_chordcounter ALTER COLUMN id ADD GENERATED BY DEFAULT AS IDENTITY (
    SEQUENCE NAME public.django_celery_results_chordcounter_id_seq
    START WITH 1
    INCREMENT BY 1
    NO MINVALUE
    NO MAXVALUE
    CACHE 1
);


--
-- Name: django_celery_results_groupresult; Type: TABLE; Schema: public; Owner: postgres
--

CREATE TABLE public.django_celery_results_groupresult (
    id integer NOT NULL,
    group_id character varying(255) NOT NULL,
    date_created timestamp with time zone NOT NULL,
    date_done timestamp with time zone NOT NULL,
    content_type character varying(128) NOT NULL,
    content_encoding character varying(64) NOT NULL,
    result text
);


ALTER TABLE public.django_celery_results_groupresult OWNER TO postgres;

--
-- Name: django_celery_results_groupresult_id_seq; Type: SEQUENCE; Schema: public; Owner: postgres
--

ALTER TABLE public.django_celery_results_groupresult ALTER COLUMN id ADD GENERATED BY DEFAULT AS IDENTITY (
    SEQUENCE NAME public.django_celery_results_groupresult_id_seq
    START WITH 1
    INCREMENT BY 1
    NO MINVALUE
    NO MAXVALUE
    CACHE 1
);


--
-- Name: django_celery_results_taskresult; Type: TABLE; Schema: public; Owner: postgres
--

CREATE TABLE public.django_celery_results_taskresult (
    id integer NOT NULL,
    task_id character varying(255) NOT NULL,
    status character varying(50) NOT NULL,
    content_type character varying(128) NOT NULL,
    content_encoding character varying(64) NOT NULL,
    result text,
    date_done timestamp with time zone NOT NULL,
    traceback text,
    meta text,
    task_args text,
    task_kwargs text,
    task_name character varying(255),
    worker character varying(100),
    date_created timestamp with time zone NOT NULL,
    periodic_task_name character varying(255)
);


ALTER TABLE public.django_celery_results_taskresult OWNER TO postgres;

--
-- Name: django_celery_results_taskresult_id_seq; Type: SEQUENCE; Schema: public; Owner: postgres
--

ALTER TABLE public.django_celery_results_taskresult ALTER COLUMN id ADD GENERATED BY DEFAULT AS IDENTITY (
    SEQUENCE NAME public.django_celery_results_taskresult_id_seq
    START WITH 1
    INCREMENT BY 1
    NO MINVALUE
    NO MAXVALUE
    CACHE 1
);


--
-- Name: django_content_type; Type: TABLE; Schema: public; Owner: postgres
--

CREATE TABLE public.django_content_type (
    id integer NOT NULL,
    app_label character varying(100) NOT NULL,
    model character varying(100) NOT NULL
);


ALTER TABLE public.django_content_type OWNER TO postgres;

--
-- Name: django_content_type_id_seq; Type: SEQUENCE; Schema: public; Owner: postgres
--

ALTER TABLE public.django_content_type ALTER COLUMN id ADD GENERATED BY DEFAULT AS IDENTITY (
    SEQUENCE NAME public.django_content_type_id_seq
    START WITH 1
    INCREMENT BY 1
    NO MINVALUE
    NO MAXVALUE
    CACHE 1
);


--
-- Name: django_migrations; Type: TABLE; Schema: public; Owner: postgres
--

CREATE TABLE public.django_migrations (
    id bigint NOT NULL,
    app character varying(255) NOT NULL,
    name character varying(255) NOT NULL,
    applied timestamp with time zone NOT NULL
);


ALTER TABLE public.django_migrations OWNER TO postgres;

--
-- Name: django_migrations_id_seq; Type: SEQUENCE; Schema: public; Owner: postgres
--

ALTER TABLE public.django_migrations ALTER COLUMN id ADD GENERATED BY DEFAULT AS IDENTITY (
    SEQUENCE NAME public.django_migrations_id_seq
    START WITH 1
    INCREMENT BY 1
    NO MINVALUE
    NO MAXVALUE
    CACHE 1
);


--
-- Name: django_session; Type: TABLE; Schema: public; Owner: postgres
--

CREATE TABLE public.django_session (
    session_key character varying(40) NOT NULL,
    session_data text NOT NULL,
    expire_date timestamp with time zone NOT NULL
);


ALTER TABLE public.django_session OWNER TO postgres;

--
-- Name: orders_order; Type: TABLE; Schema: public; Owner: postgres
--

CREATE TABLE public.orders_order (
    id bigint NOT NULL,
    first_name character varying(50) NOT NULL,
    last_name character varying(50) NOT NULL,
    email character varying(254) NOT NULL,
    address character varying(250) NOT NULL,
    postal_code character varying(20) NOT NULL,
    city character varying(100) NOT NULL,
    created timestamp with time zone NOT NULL,
    updated timestamp with time zone NOT NULL,
    paid boolean NOT NULL
);


ALTER TABLE public.orders_order OWNER TO postgres;

--
-- Name: orders_order_id_seq; Type: SEQUENCE; Schema: public; Owner: postgres
--

ALTER TABLE public.orders_order ALTER COLUMN id ADD GENERATED BY DEFAULT AS IDENTITY (
    SEQUENCE NAME public.orders_order_id_seq
    START WITH 1
    INCREMENT BY 1
    NO MINVALUE
    NO MAXVALUE
    CACHE 1
);


--
-- Name: orders_orderitem; Type: TABLE; Schema: public; Owner: postgres
--

CREATE TABLE public.orders_orderitem (
    id bigint NOT NULL,
    price numeric(10,2) NOT NULL,
    quantity integer NOT NULL,
    order_id bigint NOT NULL,
    product_id bigint NOT NULL,
    CONSTRAINT orders_orderitem_quantity_check CHECK ((quantity >= 0))
);


ALTER TABLE public.orders_orderitem OWNER TO postgres;

--
-- Name: orders_orderitem_id_seq; Type: SEQUENCE; Schema: public; Owner: postgres
--

ALTER TABLE public.orders_orderitem ALTER COLUMN id ADD GENERATED BY DEFAULT AS IDENTITY (
    SEQUENCE NAME public.orders_orderitem_id_seq
    START WITH 1
    INCREMENT BY 1
    NO MINVALUE
    NO MAXVALUE
    CACHE 1
);


--
-- Name: products_category; Type: TABLE; Schema: public; Owner: postgres
--

CREATE TABLE public.products_category (
    author_id_id bigint NOT NULL,
    category_number integer NOT NULL,
    id bigint NOT NULL,
    category_name_ru character varying(50) NOT NULL,
    category_name_en character varying(50) NOT NULL,
    category_name_zh_hans character varying(50) NOT NULL
);


ALTER TABLE public.products_category OWNER TO postgres;

--
-- Name: products_category_id_seq; Type: SEQUENCE; Schema: public; Owner: postgres
--

ALTER TABLE public.products_category ALTER COLUMN id ADD GENERATED BY DEFAULT AS IDENTITY (
    SEQUENCE NAME public.products_category_id_seq
    START WITH 1
    INCREMENT BY 1
    NO MINVALUE
    NO MAXVALUE
    CACHE 1
);


--
-- Name: products_item; Type: TABLE; Schema: public; Owner: postgres
--

CREATE TABLE public.products_item (
    item_author_id_id bigint NOT NULL,
    item_id integer NOT NULL,
    id bigint NOT NULL,
    item_name_en character varying(200),
    item_name_ru character varying(200),
    item_name_zh_hans character varying(200),
    item_picture character varying(100) NOT NULL,
    item_description_en text NOT NULL,
    item_description_ru text NOT NULL,
    item_description_zh_hans text NOT NULL,
    item_extra_tag character varying NOT NULL,
    item_price numeric(5,2) NOT NULL,
    item_price_extra_new numeric(5,2),
    item_price_currency character varying(3) NOT NULL,
    item_published_at date NOT NULL,
    item_category_number_id bigint NOT NULL
);


ALTER TABLE public.products_item OWNER TO postgres;

--
-- Name: products_item_id_seq; Type: SEQUENCE; Schema: public; Owner: postgres
--

ALTER TABLE public.products_item ALTER COLUMN id ADD GENERATED BY DEFAULT AS IDENTITY (
    SEQUENCE NAME public.products_item_id_seq
    START WITH 1
    INCREMENT BY 1
    NO MINVALUE
    NO MAXVALUE
    CACHE 1
);


--
-- Data for Name: accounts_customuser; Type: TABLE DATA; Schema: public; Owner: postgres
--

COPY public.accounts_customuser (id, password, last_login, is_superuser, is_staff, first_name, last_name, username, date_joined, date_of_birth, gender, is_activated, send_messages, phone_number, email, is_active, is_admin) FROM stdin;
2	pbkdf2_sha256$720000$e1BltGSBwaWgbDKVwqfCpa$mkCdAlQNBCN7PmrK4pz9T6Tb0Rixmx83sKG5PM9c2qw=	2024-06-04 20:11:51.043725+00	f	f	Alex	Bel	alexbel	2024-06-04	\N	3	t	t	+79932753434	alexbel@gmail.com	t	f
1	pbkdf2_sha256$720000$3CLGbMQ0MxrpDYShRvwCws$t0DGa9d1U8XHPTDrvYIscwL94Ydk6HSiem6gpwc8wZY=	2024-07-31 14:06:27.387694+00	t	t			Admin	2024-06-04	\N	3	t	t		riguange@gmail.com	t	f
\.


--
-- Data for Name: accounts_customuser_groups; Type: TABLE DATA; Schema: public; Owner: postgres
--

COPY public.accounts_customuser_groups (id, customuser_id, group_id) FROM stdin;
\.


--
-- Data for Name: accounts_customuser_user_permissions; Type: TABLE DATA; Schema: public; Owner: postgres
--

COPY public.accounts_customuser_user_permissions (id, customuser_id, permission_id) FROM stdin;
\.


--
-- Data for Name: auth_group; Type: TABLE DATA; Schema: public; Owner: postgres
--

COPY public.auth_group (id, name) FROM stdin;
\.


--
-- Data for Name: auth_group_permissions; Type: TABLE DATA; Schema: public; Owner: postgres
--

COPY public.auth_group_permissions (id, group_id, permission_id) FROM stdin;
\.


--
-- Data for Name: auth_permission; Type: TABLE DATA; Schema: public; Owner: postgres
--

COPY public.auth_permission (id, name, content_type_id, codename) FROM stdin;
1	Can add log entry	1	add_logentry
2	Can change log entry	1	change_logentry
3	Can delete log entry	1	delete_logentry
4	Can view log entry	1	view_logentry
5	Can add permission	2	add_permission
6	Can change permission	2	change_permission
7	Can delete permission	2	delete_permission
8	Can view permission	2	view_permission
9	Can add group	3	add_group
10	Can change group	3	change_group
11	Can delete group	3	delete_group
12	Can view group	3	view_group
13	Can add content type	4	add_contenttype
14	Can change content type	4	change_contenttype
15	Can delete content type	4	delete_contenttype
16	Can view content type	4	view_contenttype
17	Can add session	5	add_session
18	Can change session	5	change_session
19	Can delete session	5	delete_session
20	Can view session	5	view_session
21	Can add users	6	add_customuser
22	Can change users	6	change_customuser
23	Can delete users	6	delete_customuser
24	Can view users	6	view_customuser
25	Can add category	7	add_category
26	Can change category	7	change_category
27	Can delete category	7	delete_category
28	Can view category	7	view_category
29	Can add item	8	add_item
30	Can change item	8	change_item
31	Can delete item	8	delete_item
32	Can view item	8	view_item
33	Can add order	9	add_order
34	Can change order	9	change_order
35	Can delete order	9	delete_order
36	Can view order	9	view_order
37	Can add order item	10	add_orderitem
38	Can change order item	10	change_orderitem
39	Can delete order item	10	delete_orderitem
40	Can view order item	10	view_orderitem
41	Can add task result	11	add_taskresult
42	Can change task result	11	change_taskresult
43	Can delete task result	11	delete_taskresult
44	Can view task result	11	view_taskresult
45	Can add chord counter	12	add_chordcounter
46	Can change chord counter	12	change_chordcounter
47	Can delete chord counter	12	delete_chordcounter
48	Can view chord counter	12	view_chordcounter
49	Can add group result	13	add_groupresult
50	Can change group result	13	change_groupresult
51	Can delete group result	13	delete_groupresult
52	Can view group result	13	view_groupresult
\.


--
-- Data for Name: django_admin_log; Type: TABLE DATA; Schema: public; Owner: postgres
--

COPY public.django_admin_log (id, action_time, object_id, object_repr, action_flag, change_message, content_type_id, user_id) FROM stdin;
1	2024-06-25 11:05:09.039474+00	2	2	2	[{"changed": {"fields": ["Item name in English", "Item name in Russian", "Item name in Chinese"]}}]	8	1
\.


--
-- Data for Name: django_celery_results_chordcounter; Type: TABLE DATA; Schema: public; Owner: postgres
--

COPY public.django_celery_results_chordcounter (id, group_id, sub_tasks, count) FROM stdin;
\.


--
-- Data for Name: django_celery_results_groupresult; Type: TABLE DATA; Schema: public; Owner: postgres
--

COPY public.django_celery_results_groupresult (id, group_id, date_created, date_done, content_type, content_encoding, result) FROM stdin;
\.


--
-- Data for Name: django_celery_results_taskresult; Type: TABLE DATA; Schema: public; Owner: postgres
--

COPY public.django_celery_results_taskresult (id, task_id, status, content_type, content_encoding, result, date_done, traceback, meta, task_args, task_kwargs, task_name, worker, date_created, periodic_task_name) FROM stdin;
1	504f2468-497c-48aa-b52e-afcc0b506194	SUCCESS	application/json	utf-8	1	2024-07-09 16:57:11.311007+00	\N	{"children": []}	"(50,)"	"{}"	orders.tasks.order_created	celery@a941dda05282	2024-07-09 16:57:09.936363+00	\N
2	a3a314f5-51f1-4b0d-bdee-05631d340901	SUCCESS	application/json	utf-8	1	2024-07-10 07:31:28.603664+00	\N	{"children": []}	"(51,)"	"{}"	orders.tasks.order_created	celery@717b1bc205a3	2024-07-10 07:31:28.389466+00	\N
3	e75ce0b5-6acf-41bc-9c78-2d16d8e61915	SUCCESS	application/json	utf-8	1	2024-07-31 14:07:34.101813+00	\N	{"children": []}	"(52,)"	"{}"	orders.tasks.order_created	celery@9aa316de7453	2024-07-31 14:07:34.053979+00	\N
\.


--
-- Data for Name: django_content_type; Type: TABLE DATA; Schema: public; Owner: postgres
--

COPY public.django_content_type (id, app_label, model) FROM stdin;
1	admin	logentry
2	auth	permission
3	auth	group
4	contenttypes	contenttype
5	sessions	session
6	accounts	customuser
7	products	category
8	products	item
9	orders	order
10	orders	orderitem
11	django_celery_results	taskresult
12	django_celery_results	chordcounter
13	django_celery_results	groupresult
\.


--
-- Data for Name: django_migrations; Type: TABLE DATA; Schema: public; Owner: postgres
--

COPY public.django_migrations (id, app, name, applied) FROM stdin;
1	contenttypes	0001_initial	2024-06-04 20:04:53.429613+00
2	contenttypes	0002_remove_content_type_name	2024-06-04 20:04:53.462952+00
3	auth	0001_initial	2024-06-04 20:04:53.57551+00
4	auth	0002_alter_permission_name_max_length	2024-06-04 20:04:53.586309+00
5	auth	0003_alter_user_email_max_length	2024-06-04 20:04:53.601808+00
6	auth	0004_alter_user_username_opts	2024-06-04 20:04:53.612599+00
7	auth	0005_alter_user_last_login_null	2024-06-04 20:04:53.623753+00
8	auth	0006_require_contenttypes_0002	2024-06-04 20:04:53.628333+00
9	auth	0007_alter_validators_add_error_messages	2024-06-04 20:04:53.642174+00
10	auth	0008_alter_user_username_max_length	2024-06-04 20:04:53.656099+00
11	auth	0009_alter_user_last_name_max_length	2024-06-04 20:04:53.668622+00
12	auth	0010_alter_group_name_max_length	2024-06-04 20:04:53.680435+00
13	auth	0011_update_proxy_permissions	2024-06-04 20:04:53.691817+00
14	auth	0012_alter_user_first_name_max_length	2024-06-04 20:04:53.707233+00
15	accounts	0001_initial	2024-06-04 20:04:53.831238+00
16	admin	0001_initial	2024-06-04 20:04:53.881652+00
17	admin	0002_logentry_remove_auto_add	2024-06-04 20:04:53.898634+00
18	admin	0003_logentry_add_action_flag_choices	2024-06-04 20:04:53.912595+00
19	products	0001_initial	2024-06-04 20:04:54.027895+00
20	sessions	0001_initial	2024-06-04 20:04:54.063444+00
21	products	0002_alter_item_item_extra_tag	2024-06-04 20:44:44.37198+00
22	products	0003_auto_20240614_0825	2024-06-14 08:40:08.53027+00
23	products	0004_alter_item_item_published_at	2024-06-24 19:41:56.600371+00
24	products	0005_alter_item_item_description_en_and_more	2024-06-25 11:23:28.914647+00
25	products	0006_alter_category_category_name_en_and_more	2024-06-25 11:24:19.387716+00
26	orders	0001_initial	2024-06-29 14:29:41.43295+00
27	django_celery_results	0001_initial	2024-07-09 15:21:25.347873+00
28	django_celery_results	0002_add_task_name_args_kwargs	2024-07-09 15:21:25.474511+00
29	django_celery_results	0003_auto_20181106_1101	2024-07-09 15:21:25.496873+00
30	django_celery_results	0004_auto_20190516_0412	2024-07-09 15:21:25.855907+00
31	django_celery_results	0005_taskresult_worker	2024-07-09 15:21:25.983976+00
32	django_celery_results	0006_taskresult_date_created	2024-07-09 15:21:26.428958+00
33	django_celery_results	0007_remove_taskresult_hidden	2024-07-09 15:21:26.541017+00
34	django_celery_results	0008_chordcounter	2024-07-09 15:21:26.756789+00
35	django_celery_results	0009_groupresult	2024-07-09 15:21:29.818788+00
36	django_celery_results	0010_remove_duplicate_indices	2024-07-09 15:21:30.019114+00
37	django_celery_results	0011_taskresult_periodic_task_name	2024-07-09 15:21:30.113068+00
\.


--
-- Data for Name: django_session; Type: TABLE DATA; Schema: public; Owner: postgres
--

COPY public.django_session (session_key, session_data, expire_date) FROM stdin;
cyy61prvlm44l5bet740sby0785jf2zt	.eJxVjEsOgkAQBe8yazOhx2Fe49I9ZyDNdCOogYTPynh3JWGh21dV7-Ua2da-2Rabm0HdxZE7_W6t5IeNO9C7jLfJ52lc56H1u-IPuvh6UnteD_fvoJel_9YcKkkwhnScTUyV1NqChDp0BJAyJ0XEOSGkUCJyBAoOWkLLKrj3B-_oNzs:1sEaXl:u5dg0goEL_oph0GZk2ZHdcMV8MsRXe8qnP7YYyFKArA	2024-06-18 20:14:05.078088+00
pq3m0jgedm6lwqk5zrfznyty6ux9e1rc	.eJxVjDEOgzAQBP_iOrKwY3wHZXreYB2-c0wSgWSgQvw9IFEk7c7sbCrQuuSwzlLCwKpVRt1-t57iW8YT8IvG56TjNC5l6PWp6IvOuptYPo_L_QtkmvPxRtuQB0GghFFImA1LXxkyCZIBMIzoGRzcPVhva3DoACq0XAPXjT2ikcqi2m3fvycPOoc:1sRRnq:Fu9kpb0dKdYS_JYNo63a5vnlYPptD-wPMiEebyNLqbA	2024-07-24 07:31:50.63159+00
yzjyx8lct8u8k9iqcli3abmpyg69nh9k	.eJxVjDEOgzAQBP_iOrKwY3wHZXreYB2-c0wSgWSgQvw9IFEk7c7sbCrQuuSwzlLCwKpVRt1-t57iW8YT8IvG56TjNC5l6PWp6IvOuptYPo_L_QtkmvPxRtuQB0GghFFImA1LXxkyCZIBMIzoGRzcPVhva3DoACq0XAPXjT2ikcqi2m3fvycPOoc:1sZA4O:tBXi5jdIECkQ4W51CNPstmPvZp_1vei-HGfnrHSqeuc	2024-08-14 14:12:48.694428+00
\.


--
-- Data for Name: orders_order; Type: TABLE DATA; Schema: public; Owner: postgres
--

COPY public.orders_order (id, first_name, last_name, email, address, postal_code, city, created, updated, paid) FROM stdin;
1	Alex	Bel	riguange@gmail.com	Moscow	140005	Moscow	2024-07-02 07:27:07.834433+00	2024-07-02 07:27:07.834452+00	f
2	Alex	Bel	riguange@gmail.com	Moscow	140005	Moscow	2024-07-02 07:28:19.095279+00	2024-07-02 07:28:19.095304+00	f
3	A	B	portal@mail.ru	SDg	11221	Beo	2024-07-06 13:16:57.032119+00	2024-07-06 13:16:57.032138+00	f
4	Иван	Петров	petrov@roma.com	Rov	11221	Wau	2024-07-07 16:19:36.778023+00	2024-07-07 16:19:36.778178+00	f
5	Bach	Bach	bach@mail.com	Ger	33443	Ghana	2024-07-07 16:25:04.270112+00	2024-07-07 16:25:04.270147+00	f
6	12	12	123456@123.com	123	123456	123354	2024-07-07 16:41:47.516734+00	2024-07-07 16:41:47.51678+00	f
7	12	12	123456@123.com	123	123456	123354	2024-07-07 17:03:12.492174+00	2024-07-07 17:03:12.492207+00	f
8	12	12	123456@123.com	123	123456	123354	2024-07-07 17:05:52.982165+00	2024-07-07 17:05:52.982195+00	f
9	234	678	56567@567.com	678	678	67768	2024-07-07 17:11:56.918777+00	2024-07-07 17:11:56.918853+00	f
10	678	uioo	yuui@hjk.rs	uihih	45656	jnkjbkkjb	2024-07-07 17:14:09.288772+00	2024-07-07 17:14:09.288792+00	f
11	678	uioo	yuui@hjk.rs	uihih	45656	jnkjbkkjb	2024-07-07 17:15:31.349902+00	2024-07-07 17:15:31.349947+00	f
12	678	ui	hhuihiu@hj.uy	guyyguu	756675	bkjjk	2024-07-07 17:16:51.75194+00	2024-07-07 17:16:51.751969+00	f
13	890	kbj	bkjjk@lii.rs	uyycty	465456	vjhvhj	2024-07-07 17:26:26.913633+00	2024-07-07 17:26:26.9139+00	f
14	hc	jkk	bjkbjk@ggh.rs	vhhjv	567567	vhjvhj	2024-07-09 12:43:44.123452+00	2024-07-09 12:43:44.123474+00	f
15	hc	jkk	bjkbjk@ggh.rs	vhhjv	567567	vhjvhj	2024-07-09 12:49:38.784351+00	2024-07-09 12:49:38.784378+00	f
16	hc	jkk	bjkbjk@ggh.rs	vhhjv	567567	vhjvhj	2024-07-09 12:55:22.517887+00	2024-07-09 12:55:22.517917+00	f
17	hc	jkk	bjkbjk@ggh.rs	vhhjv	567567	vhjvhj	2024-07-09 12:56:27.327553+00	2024-07-09 12:56:27.327598+00	f
18	hc	jkk	bjkbjk@ggh.rs	vhhjv	567567	vhjvhj	2024-07-09 12:58:28.557363+00	2024-07-09 12:58:28.557383+00	f
19	hc	jkk	bjkbjk@ggh.rs	vhhjv	567567	vhjvhj	2024-07-09 12:58:57.792219+00	2024-07-09 12:58:57.792241+00	f
20	123567	jkk	bjkbjk@ggh.rs	vhhjv	567567	vhjvhj	2024-07-09 12:59:38.286794+00	2024-07-09 12:59:38.28682+00	f
21	fuyfuy	ivvi	uvvuvu@uii.yu	hvhvj	986896	jhhjv	2024-07-09 13:00:12.392221+00	2024-07-09 13:00:12.39224+00	f
22	fuyfuy	ivvi	uvvuvu@uii.yu	hvhvj	986896	jhhjv	2024-07-09 13:21:07.775165+00	2024-07-09 13:21:07.775194+00	f
23	fuyfuy	ivvi	uvvuvu@uii.yu	hvhvj	986896	jhhjv	2024-07-09 13:29:12.592297+00	2024-07-09 13:29:12.592329+00	f
24	fuyfuy	ivvi	uvvuvu@uii.yu	hvhvj	986896	jhhjv	2024-07-09 13:29:24.245065+00	2024-07-09 13:29:24.245094+00	f
25	fuyfuy	ivvi	uvvuvu@uii.yu	hvhvj	986896	jhhjv	2024-07-09 13:31:44.146699+00	2024-07-09 13:31:44.146818+00	f
26	fuyfuy	ivvi	uvvuvu@uii.yu	hvhvj	986896	jhhjv	2024-07-09 13:31:57.216804+00	2024-07-09 13:31:57.21684+00	f
27	123	123	123@132.ry	567675	65756	567	2024-07-09 13:41:48.530169+00	2024-07-09 13:41:48.530196+00	f
28	123	123	123@132.ry	567675	65756	567	2024-07-09 13:44:41.702711+00	2024-07-09 13:44:41.702758+00	f
29	123	123	123@132.ry	567675	65756	567	2024-07-09 13:45:35.69465+00	2024-07-09 13:45:35.694671+00	f
30	123	123	123@132.ry	567675	65756	567	2024-07-09 13:45:58.191134+00	2024-07-09 13:45:58.191155+00	f
31	123	123	123@132.ry	567675	65756	567	2024-07-09 13:46:26.327647+00	2024-07-09 13:46:26.327684+00	f
32	123	123	123@132.ry	567675	65756	567	2024-07-09 13:47:53.693063+00	2024-07-09 13:47:53.693088+00	f
33	123	123	123@132.ry	567675	65756	567	2024-07-09 14:15:09.082388+00	2024-07-09 14:15:09.082417+00	f
34	123	123	123@132.ry	567675	65756	567	2024-07-09 14:25:40.241781+00	2024-07-09 14:25:40.241807+00	f
35	123	123	123@132.ry	567675	65756	567	2024-07-09 14:31:57.604089+00	2024-07-09 14:31:57.604124+00	f
36	123	123	123@132.ry	567675	65756	567	2024-07-09 14:42:56.799765+00	2024-07-09 14:42:56.799814+00	f
37	123	123	123@132.ry	567675	65756	567	2024-07-09 14:43:09.414909+00	2024-07-09 14:43:09.414947+00	f
38	123	123	123@132.ry	567675	65756	567	2024-07-09 14:48:46.82218+00	2024-07-09 14:48:46.82222+00	f
39	777	777	hjvvhj@fuy.ru	hvhvj	567675	jbhjvh	2024-07-09 14:49:33.0254+00	2024-07-09 14:49:33.025491+00	f
40	777	777	hjvvhj@fuy.ru	hvhvj	567675	jbhjvh	2024-07-09 14:51:53.559679+00	2024-07-09 14:51:53.560971+00	f
41	777	777	hjvvhj@fuy.ru	hvhvj	567675	jbhjvh	2024-07-09 14:54:21.293823+00	2024-07-09 14:54:21.293863+00	f
42	777	777	hjvvhj@fuy.ru	hvhvj	567675	jbhjvh	2024-07-09 14:58:29.349952+00	2024-07-09 14:58:29.350002+00	f
43	777	777	hjvvhj@fuy.ru	hvhvj	567675	jbhjvh	2024-07-09 14:58:42.041984+00	2024-07-09 14:58:42.042035+00	f
44	777	777	hjvvhj@fuy.ru	hvhvj	567675	jbhjvh	2024-07-09 15:00:10.899296+00	2024-07-09 15:00:10.899327+00	f
45	777	777	hjvvhj@fuy.ru	hvhvj	567675	jbhjvh	2024-07-09 15:08:24.246072+00	2024-07-09 15:08:24.246165+00	f
46	777	777	hjvvhj@fuy.ru	hvhvj	567675	jbhjvh	2024-07-09 15:25:30.794974+00	2024-07-09 15:25:30.795019+00	f
47	777	777	hjvvhj@fuy.ru	hvhvj	567675	jbhjvh	2024-07-09 15:27:51.638081+00	2024-07-09 15:27:51.638123+00	f
48	777	777	hjvvhj@fuy.ru	hvhvj	567675	jbhjvh	2024-07-09 15:30:24.711419+00	2024-07-09 15:30:24.711444+00	f
49	777	777	hjvvhj@fuy.ru	hvhvj	567675	jbhjvh	2024-07-09 15:52:14.628399+00	2024-07-09 15:52:14.629079+00	f
50	ИИИ	иии	yufu@hhhj.ru	khvhj	657657	kbjbk	2024-07-09 16:57:06.944176+00	2024-07-09 16:57:06.944227+00	f
51	Александр	Б	al@gmail.com	Private	00000	Private	2024-07-10 07:31:26.538098+00	2024-07-10 07:31:26.538149+00	f
52	Alex	B	al@df.ru	Sg	134134	Wau	2024-07-31 14:07:33.232065+00	2024-07-31 14:07:33.232081+00	f
\.


--
-- Data for Name: orders_orderitem; Type: TABLE DATA; Schema: public; Owner: postgres
--

COPY public.orders_orderitem (id, price, quantity, order_id, product_id) FROM stdin;
1	100.00	7	2	1
2	145.00	2	2	4
3	175.00	7	2	7
4	100.00	3	2	2
5	200.00	1	2	5
6	190.00	7	2	17
7	95.00	15	2	11
8	150.00	10	2	13
9	148.00	1	2	6
10	118.00	1	2	15
11	165.00	2	2	14
12	10.00	1	2	18
13	130.00	1	2	3
14	100.00	1	3	1
15	100.00	1	4	2
16	100.00	1	5	2
17	100.00	1	6	2
18	100.00	1	7	2
19	100.00	1	8	2
20	100.00	1	9	2
21	100.00	1	10	2
22	100.00	1	11	2
23	100.00	1	12	2
24	100.00	1	13	2
25	100.00	1	14	2
26	100.00	1	15	2
27	100.00	1	16	2
28	100.00	1	17	2
29	100.00	1	18	2
30	100.00	1	19	2
31	100.00	1	20	2
32	145.00	1	21	4
33	145.00	1	22	4
34	145.00	1	23	4
35	145.00	1	24	4
36	145.00	1	25	4
37	145.00	1	26	4
38	145.00	1	27	4
39	145.00	1	28	4
40	145.00	1	29	4
41	145.00	1	30	4
42	145.00	1	31	4
43	145.00	1	32	4
44	145.00	1	33	4
45	145.00	1	34	4
46	145.00	1	35	4
47	145.00	1	36	4
48	145.00	1	37	4
49	145.00	1	38	4
50	145.00	1	39	4
51	145.00	1	40	4
52	145.00	1	41	4
53	145.00	1	42	4
54	145.00	1	43	4
55	145.00	1	44	4
56	145.00	1	45	4
57	145.00	1	46	4
58	145.00	1	47	4
59	145.00	1	48	4
60	145.00	1	49	4
61	130.00	1	50	3
62	130.00	1	51	3
63	100.00	1	52	1
64	130.00	1	52	3
\.


--
-- Data for Name: products_category; Type: TABLE DATA; Schema: public; Owner: postgres
--

COPY public.products_category (author_id_id, category_number, id, category_name_ru, category_name_en, category_name_zh_hans) FROM stdin;
1	2	2	Сухофрукты	Dried Fruits	干果
1	3	3	Восточные сладости	East Delight	东方特色
1	4	4	Специи	Spices	调料
1	5	5	Тест!	Test!	试验!
1	1	1	Орехи	Nuts	坚果
\.


--
-- Data for Name: products_item; Type: TABLE DATA; Schema: public; Owner: postgres
--

COPY public.products_item (item_author_id_id, item_id, id, item_name_en, item_name_ru, item_name_zh_hans, item_picture, item_description_en, item_description_ru, item_description_zh_hans, item_extra_tag, item_price, item_price_extra_new, item_price_currency, item_published_at, item_category_number_id) FROM stdin;
1	2	2	Dried Apricots !	Курага !	杏干 !	item_pictures/2_OmB062A.webp				Fancy Product	100.00	\N	RUB	2024-06-05	2
1	1	1	Pistachio Nuts	Фисташки	开心果	item_pictures/1_Qc3jiEc.webp	Soft nuts	Мягкий орех	软弱的开心果	In Stock	100.00	\N	RUB	2024-06-04	1
1	3	3	Half-Dried Apricots	Полусушёные абрикосы	半干杏干	item_pictures/3.webp				In Stock	130.00	\N	RUB	2024-06-05	2
1	4	4	California Apricots	Калифорнийские абрикосы	加州杏干	item_pictures/4.webp				In Stock	145.00	\N	RUB	2024-06-05	2
1	5	5	Organic Turkish Apricots	Органические турецкие абрикосы	有机土耳其杏干	item_pictures/5.webp				In Stock	200.00	\N	RUB	2024-06-05	2
1	6	6	Diced Apricots	Нарезанные кубиками абрикосы	杏子丁	item_pictures/6.webp				In Stock	148.00	\N	RUB	2024-06-05	2
1	7	7	Dark Chocolate Dipped Apricots	Абрикосы в темном шоколаде	黑巧克力浸杏干	item_pictures/7.webp				In Stock	175.00	\N	RUB	2024-06-05	2
1	8	8	Organic California Apricots	Органические калифорнийские абрикосы	145	item_pictures/8.webp				Not In Stock	145.00	\N	RUB	2024-06-05	2
1	10	10	Organic Wild Apricot Kernels (Sweet)	Органический дикий абрикос (сладкий)	有机野生杏仁（甜）	item_pictures/10.webp				Bestseller	175.00	\N	RUB	2024-06-05	2
1	11	11	Organic Diced Apricots	Органические нарезанные кубиками абрикосы	有机杏子丁	item_pictures/11.webp				Not In Stock	95.00	\N	RUB	2024-06-05	2
1	13	12	Glace Apricots	Глазированные абрикосы	蜜饯杏子	item_pictures/13.webp				Not In Stock	200.00	\N	RUB	2024-06-05	2
1	14	13	Apricot Jam	Абрикосовое варенье	杏子果酱	item_pictures/14.webp				Not In Stock	150.00	\N	RUB	2024-06-05	2
1	15	14	Dark Chocolate Covered Apricots	Абрикосы в темном шоколаде2	黑巧克力杏子	item_pictures/15.webp				In Stock	165.00	\N	RUB	2024-06-05	2
1	16	15	Milk Chocolate Dipped Apricots	Абрикосы в молочном шоколаде	\N	item_pictures/16.webp				Special Item	118.00	\N	RUB	2024-06-05	2
1	17	16	Apricot Peach Jam	Абрикосово-персиковое варенье	杏子桃子果酱	item_pictures/17.webp				Bestseller	190.00	\N	RUB	2024-06-05	2
1	9	9	Half-Dried Apricots (Snack Packs)	Полусушенные абрикосы (фасованные)	半干杏干（零食包）	item_pictures/9.webp				Not In Stock	200.00	190.00	RUB	2024-06-05	2
1	19	17	Mango	Манго	芒果	item_pictures/19.webp	Mango in dried (dried) form looks like flat plates, but has the original taste of fresh. When you open the package, you will certainly feel the whiff of sweetly ripe mango and hot sun. Fresh mango undoubtedly has a richer aroma; anyone who has vacationed in the southern regions where this fruit grows will remember it forever.	Манго в сушеном (вяленом) виде выглядит в виде плоских пластин, при этом имеет первозданный вкус свежего. Открыв пакет вы непременно почувствуете веяние сладко спелого манго и жаркого солнца. У свежего манго бесспорно аромат насыщеннее, кто отдыхал в южных регионах, где произрастает сей фрукт, навсегда запомнит его.	干形的芒果看起来像平板，但具有新鲜的原始味道。当你打开包装时，你一定会感受到甜熟的芒果和烈日的味道。新鲜的芒果无疑具有更浓郁的香气；任何到过这种水果种植的南方地区度假的人都会永远记住它。	In Stock	190.00	\N	RUB	2024-06-05	2
1	100	18	\N	\N	\N	item_pictures/100.webp				Fancy Product	10.00	10.00	RUB	2024-06-14	1
\.


--
-- Name: accounts_customuser_groups_id_seq; Type: SEQUENCE SET; Schema: public; Owner: postgres
--

SELECT pg_catalog.setval('public.accounts_customuser_groups_id_seq', 1, false);


--
-- Name: accounts_customuser_id_seq; Type: SEQUENCE SET; Schema: public; Owner: postgres
--

SELECT pg_catalog.setval('public.accounts_customuser_id_seq', 2, true);


--
-- Name: accounts_customuser_user_permissions_id_seq; Type: SEQUENCE SET; Schema: public; Owner: postgres
--

SELECT pg_catalog.setval('public.accounts_customuser_user_permissions_id_seq', 1, false);


--
-- Name: auth_group_id_seq; Type: SEQUENCE SET; Schema: public; Owner: postgres
--

SELECT pg_catalog.setval('public.auth_group_id_seq', 1, false);


--
-- Name: auth_group_permissions_id_seq; Type: SEQUENCE SET; Schema: public; Owner: postgres
--

SELECT pg_catalog.setval('public.auth_group_permissions_id_seq', 1, false);


--
-- Name: auth_permission_id_seq; Type: SEQUENCE SET; Schema: public; Owner: postgres
--

SELECT pg_catalog.setval('public.auth_permission_id_seq', 52, true);


--
-- Name: django_admin_log_id_seq; Type: SEQUENCE SET; Schema: public; Owner: postgres
--

SELECT pg_catalog.setval('public.django_admin_log_id_seq', 1, true);


--
-- Name: django_celery_results_chordcounter_id_seq; Type: SEQUENCE SET; Schema: public; Owner: postgres
--

SELECT pg_catalog.setval('public.django_celery_results_chordcounter_id_seq', 1, false);


--
-- Name: django_celery_results_groupresult_id_seq; Type: SEQUENCE SET; Schema: public; Owner: postgres
--

SELECT pg_catalog.setval('public.django_celery_results_groupresult_id_seq', 1, false);


--
-- Name: django_celery_results_taskresult_id_seq; Type: SEQUENCE SET; Schema: public; Owner: postgres
--

SELECT pg_catalog.setval('public.django_celery_results_taskresult_id_seq', 3, true);


--
-- Name: django_content_type_id_seq; Type: SEQUENCE SET; Schema: public; Owner: postgres
--

SELECT pg_catalog.setval('public.django_content_type_id_seq', 13, true);


--
-- Name: django_migrations_id_seq; Type: SEQUENCE SET; Schema: public; Owner: postgres
--

SELECT pg_catalog.setval('public.django_migrations_id_seq', 37, true);


--
-- Name: orders_order_id_seq; Type: SEQUENCE SET; Schema: public; Owner: postgres
--

SELECT pg_catalog.setval('public.orders_order_id_seq', 52, true);


--
-- Name: orders_orderitem_id_seq; Type: SEQUENCE SET; Schema: public; Owner: postgres
--

SELECT pg_catalog.setval('public.orders_orderitem_id_seq', 64, true);


--
-- Name: products_category_id_seq; Type: SEQUENCE SET; Schema: public; Owner: postgres
--

SELECT pg_catalog.setval('public.products_category_id_seq', 5, true);


--
-- Name: products_item_id_seq; Type: SEQUENCE SET; Schema: public; Owner: postgres
--

SELECT pg_catalog.setval('public.products_item_id_seq', 18, true);


--
-- Name: accounts_customuser accounts_customuser_email_key; Type: CONSTRAINT; Schema: public; Owner: postgres
--

ALTER TABLE ONLY public.accounts_customuser
    ADD CONSTRAINT accounts_customuser_email_key UNIQUE (email);


--
-- Name: accounts_customuser_groups accounts_customuser_groups_customuser_id_group_id_c074bdcb_uniq; Type: CONSTRAINT; Schema: public; Owner: postgres
--

ALTER TABLE ONLY public.accounts_customuser_groups
    ADD CONSTRAINT accounts_customuser_groups_customuser_id_group_id_c074bdcb_uniq UNIQUE (customuser_id, group_id);


--
-- Name: accounts_customuser_groups accounts_customuser_groups_pkey; Type: CONSTRAINT; Schema: public; Owner: postgres
--

ALTER TABLE ONLY public.accounts_customuser_groups
    ADD CONSTRAINT accounts_customuser_groups_pkey PRIMARY KEY (id);


--
-- Name: accounts_customuser accounts_customuser_pkey; Type: CONSTRAINT; Schema: public; Owner: postgres
--

ALTER TABLE ONLY public.accounts_customuser
    ADD CONSTRAINT accounts_customuser_pkey PRIMARY KEY (id);


--
-- Name: accounts_customuser_user_permissions accounts_customuser_user_customuser_id_permission_9632a709_uniq; Type: CONSTRAINT; Schema: public; Owner: postgres
--

ALTER TABLE ONLY public.accounts_customuser_user_permissions
    ADD CONSTRAINT accounts_customuser_user_customuser_id_permission_9632a709_uniq UNIQUE (customuser_id, permission_id);


--
-- Name: accounts_customuser_user_permissions accounts_customuser_user_permissions_pkey; Type: CONSTRAINT; Schema: public; Owner: postgres
--

ALTER TABLE ONLY public.accounts_customuser_user_permissions
    ADD CONSTRAINT accounts_customuser_user_permissions_pkey PRIMARY KEY (id);


--
-- Name: accounts_customuser accounts_customuser_username_key; Type: CONSTRAINT; Schema: public; Owner: postgres
--

ALTER TABLE ONLY public.accounts_customuser
    ADD CONSTRAINT accounts_customuser_username_key UNIQUE (username);


--
-- Name: auth_group auth_group_name_key; Type: CONSTRAINT; Schema: public; Owner: postgres
--

ALTER TABLE ONLY public.auth_group
    ADD CONSTRAINT auth_group_name_key UNIQUE (name);


--
-- Name: auth_group_permissions auth_group_permissions_group_id_permission_id_0cd325b0_uniq; Type: CONSTRAINT; Schema: public; Owner: postgres
--

ALTER TABLE ONLY public.auth_group_permissions
    ADD CONSTRAINT auth_group_permissions_group_id_permission_id_0cd325b0_uniq UNIQUE (group_id, permission_id);


--
-- Name: auth_group_permissions auth_group_permissions_pkey; Type: CONSTRAINT; Schema: public; Owner: postgres
--

ALTER TABLE ONLY public.auth_group_permissions
    ADD CONSTRAINT auth_group_permissions_pkey PRIMARY KEY (id);


--
-- Name: auth_group auth_group_pkey; Type: CONSTRAINT; Schema: public; Owner: postgres
--

ALTER TABLE ONLY public.auth_group
    ADD CONSTRAINT auth_group_pkey PRIMARY KEY (id);


--
-- Name: auth_permission auth_permission_content_type_id_codename_01ab375a_uniq; Type: CONSTRAINT; Schema: public; Owner: postgres
--

ALTER TABLE ONLY public.auth_permission
    ADD CONSTRAINT auth_permission_content_type_id_codename_01ab375a_uniq UNIQUE (content_type_id, codename);


--
-- Name: auth_permission auth_permission_pkey; Type: CONSTRAINT; Schema: public; Owner: postgres
--

ALTER TABLE ONLY public.auth_permission
    ADD CONSTRAINT auth_permission_pkey PRIMARY KEY (id);


--
-- Name: django_admin_log django_admin_log_pkey; Type: CONSTRAINT; Schema: public; Owner: postgres
--

ALTER TABLE ONLY public.django_admin_log
    ADD CONSTRAINT django_admin_log_pkey PRIMARY KEY (id);


--
-- Name: django_celery_results_chordcounter django_celery_results_chordcounter_group_id_key; Type: CONSTRAINT; Schema: public; Owner: postgres
--

ALTER TABLE ONLY public.django_celery_results_chordcounter
    ADD CONSTRAINT django_celery_results_chordcounter_group_id_key UNIQUE (group_id);


--
-- Name: django_celery_results_chordcounter django_celery_results_chordcounter_pkey; Type: CONSTRAINT; Schema: public; Owner: postgres
--

ALTER TABLE ONLY public.django_celery_results_chordcounter
    ADD CONSTRAINT django_celery_results_chordcounter_pkey PRIMARY KEY (id);


--
-- Name: django_celery_results_groupresult django_celery_results_groupresult_group_id_key; Type: CONSTRAINT; Schema: public; Owner: postgres
--

ALTER TABLE ONLY public.django_celery_results_groupresult
    ADD CONSTRAINT django_celery_results_groupresult_group_id_key UNIQUE (group_id);


--
-- Name: django_celery_results_groupresult django_celery_results_groupresult_pkey; Type: CONSTRAINT; Schema: public; Owner: postgres
--

ALTER TABLE ONLY public.django_celery_results_groupresult
    ADD CONSTRAINT django_celery_results_groupresult_pkey PRIMARY KEY (id);


--
-- Name: django_celery_results_taskresult django_celery_results_taskresult_pkey; Type: CONSTRAINT; Schema: public; Owner: postgres
--

ALTER TABLE ONLY public.django_celery_results_taskresult
    ADD CONSTRAINT django_celery_results_taskresult_pkey PRIMARY KEY (id);


--
-- Name: django_celery_results_taskresult django_celery_results_taskresult_task_id_key; Type: CONSTRAINT; Schema: public; Owner: postgres
--

ALTER TABLE ONLY public.django_celery_results_taskresult
    ADD CONSTRAINT django_celery_results_taskresult_task_id_key UNIQUE (task_id);


--
-- Name: django_content_type django_content_type_app_label_model_76bd3d3b_uniq; Type: CONSTRAINT; Schema: public; Owner: postgres
--

ALTER TABLE ONLY public.django_content_type
    ADD CONSTRAINT django_content_type_app_label_model_76bd3d3b_uniq UNIQUE (app_label, model);


--
-- Name: django_content_type django_content_type_pkey; Type: CONSTRAINT; Schema: public; Owner: postgres
--

ALTER TABLE ONLY public.django_content_type
    ADD CONSTRAINT django_content_type_pkey PRIMARY KEY (id);


--
-- Name: django_migrations django_migrations_pkey; Type: CONSTRAINT; Schema: public; Owner: postgres
--

ALTER TABLE ONLY public.django_migrations
    ADD CONSTRAINT django_migrations_pkey PRIMARY KEY (id);


--
-- Name: django_session django_session_pkey; Type: CONSTRAINT; Schema: public; Owner: postgres
--

ALTER TABLE ONLY public.django_session
    ADD CONSTRAINT django_session_pkey PRIMARY KEY (session_key);


--
-- Name: orders_order orders_order_pkey; Type: CONSTRAINT; Schema: public; Owner: postgres
--

ALTER TABLE ONLY public.orders_order
    ADD CONSTRAINT orders_order_pkey PRIMARY KEY (id);


--
-- Name: orders_orderitem orders_orderitem_pkey; Type: CONSTRAINT; Schema: public; Owner: postgres
--

ALTER TABLE ONLY public.orders_orderitem
    ADD CONSTRAINT orders_orderitem_pkey PRIMARY KEY (id);


--
-- Name: products_category products_category_category_number_key; Type: CONSTRAINT; Schema: public; Owner: postgres
--

ALTER TABLE ONLY public.products_category
    ADD CONSTRAINT products_category_category_number_key UNIQUE (category_number);


--
-- Name: products_category products_category_pkey; Type: CONSTRAINT; Schema: public; Owner: postgres
--

ALTER TABLE ONLY public.products_category
    ADD CONSTRAINT products_category_pkey PRIMARY KEY (id);


--
-- Name: products_item products_item_item_id_key; Type: CONSTRAINT; Schema: public; Owner: postgres
--

ALTER TABLE ONLY public.products_item
    ADD CONSTRAINT products_item_item_id_key UNIQUE (item_id);


--
-- Name: products_item products_item_item_name_en_key; Type: CONSTRAINT; Schema: public; Owner: postgres
--

ALTER TABLE ONLY public.products_item
    ADD CONSTRAINT products_item_item_name_en_key UNIQUE (item_name_en);


--
-- Name: products_item products_item_item_name_ru_key; Type: CONSTRAINT; Schema: public; Owner: postgres
--

ALTER TABLE ONLY public.products_item
    ADD CONSTRAINT products_item_item_name_ru_key UNIQUE (item_name_ru);


--
-- Name: products_item products_item_item_name_zh_hans_key; Type: CONSTRAINT; Schema: public; Owner: postgres
--

ALTER TABLE ONLY public.products_item
    ADD CONSTRAINT products_item_item_name_zh_hans_key UNIQUE (item_name_zh_hans);


--
-- Name: products_item products_item_pkey; Type: CONSTRAINT; Schema: public; Owner: postgres
--

ALTER TABLE ONLY public.products_item
    ADD CONSTRAINT products_item_pkey PRIMARY KEY (id);


--
-- Name: accounts_customuser_email_4fd8e7ce_like; Type: INDEX; Schema: public; Owner: postgres
--

CREATE INDEX accounts_customuser_email_4fd8e7ce_like ON public.accounts_customuser USING btree (email varchar_pattern_ops);


--
-- Name: accounts_customuser_groups_customuser_id_bc55088e; Type: INDEX; Schema: public; Owner: postgres
--

CREATE INDEX accounts_customuser_groups_customuser_id_bc55088e ON public.accounts_customuser_groups USING btree (customuser_id);


--
-- Name: accounts_customuser_groups_group_id_86ba5f9e; Type: INDEX; Schema: public; Owner: postgres
--

CREATE INDEX accounts_customuser_groups_group_id_86ba5f9e ON public.accounts_customuser_groups USING btree (group_id);


--
-- Name: accounts_customuser_is_activated_0c3ab51f; Type: INDEX; Schema: public; Owner: postgres
--

CREATE INDEX accounts_customuser_is_activated_0c3ab51f ON public.accounts_customuser USING btree (is_activated);


--
-- Name: accounts_customuser_user_permissions_customuser_id_0deaefae; Type: INDEX; Schema: public; Owner: postgres
--

CREATE INDEX accounts_customuser_user_permissions_customuser_id_0deaefae ON public.accounts_customuser_user_permissions USING btree (customuser_id);


--
-- Name: accounts_customuser_user_permissions_permission_id_aea3d0e5; Type: INDEX; Schema: public; Owner: postgres
--

CREATE INDEX accounts_customuser_user_permissions_permission_id_aea3d0e5 ON public.accounts_customuser_user_permissions USING btree (permission_id);


--
-- Name: accounts_customuser_username_722f3555_like; Type: INDEX; Schema: public; Owner: postgres
--

CREATE INDEX accounts_customuser_username_722f3555_like ON public.accounts_customuser USING btree (username varchar_pattern_ops);


--
-- Name: auth_group_name_a6ea08ec_like; Type: INDEX; Schema: public; Owner: postgres
--

CREATE INDEX auth_group_name_a6ea08ec_like ON public.auth_group USING btree (name varchar_pattern_ops);


--
-- Name: auth_group_permissions_group_id_b120cbf9; Type: INDEX; Schema: public; Owner: postgres
--

CREATE INDEX auth_group_permissions_group_id_b120cbf9 ON public.auth_group_permissions USING btree (group_id);


--
-- Name: auth_group_permissions_permission_id_84c5c92e; Type: INDEX; Schema: public; Owner: postgres
--

CREATE INDEX auth_group_permissions_permission_id_84c5c92e ON public.auth_group_permissions USING btree (permission_id);


--
-- Name: auth_permission_content_type_id_2f476e4b; Type: INDEX; Schema: public; Owner: postgres
--

CREATE INDEX auth_permission_content_type_id_2f476e4b ON public.auth_permission USING btree (content_type_id);


--
-- Name: django_admin_log_content_type_id_c4bce8eb; Type: INDEX; Schema: public; Owner: postgres
--

CREATE INDEX django_admin_log_content_type_id_c4bce8eb ON public.django_admin_log USING btree (content_type_id);


--
-- Name: django_admin_log_user_id_c564eba6; Type: INDEX; Schema: public; Owner: postgres
--

CREATE INDEX django_admin_log_user_id_c564eba6 ON public.django_admin_log USING btree (user_id);


--
-- Name: django_cele_date_cr_bd6c1d_idx; Type: INDEX; Schema: public; Owner: postgres
--

CREATE INDEX django_cele_date_cr_bd6c1d_idx ON public.django_celery_results_groupresult USING btree (date_created);


--
-- Name: django_cele_date_cr_f04a50_idx; Type: INDEX; Schema: public; Owner: postgres
--

CREATE INDEX django_cele_date_cr_f04a50_idx ON public.django_celery_results_taskresult USING btree (date_created);


--
-- Name: django_cele_date_do_caae0e_idx; Type: INDEX; Schema: public; Owner: postgres
--

CREATE INDEX django_cele_date_do_caae0e_idx ON public.django_celery_results_groupresult USING btree (date_done);


--
-- Name: django_cele_date_do_f59aad_idx; Type: INDEX; Schema: public; Owner: postgres
--

CREATE INDEX django_cele_date_do_f59aad_idx ON public.django_celery_results_taskresult USING btree (date_done);


--
-- Name: django_cele_status_9b6201_idx; Type: INDEX; Schema: public; Owner: postgres
--

CREATE INDEX django_cele_status_9b6201_idx ON public.django_celery_results_taskresult USING btree (status);


--
-- Name: django_cele_task_na_08aec9_idx; Type: INDEX; Schema: public; Owner: postgres
--

CREATE INDEX django_cele_task_na_08aec9_idx ON public.django_celery_results_taskresult USING btree (task_name);


--
-- Name: django_cele_worker_d54dd8_idx; Type: INDEX; Schema: public; Owner: postgres
--

CREATE INDEX django_cele_worker_d54dd8_idx ON public.django_celery_results_taskresult USING btree (worker);


--
-- Name: django_celery_results_chordcounter_group_id_1f70858c_like; Type: INDEX; Schema: public; Owner: postgres
--

CREATE INDEX django_celery_results_chordcounter_group_id_1f70858c_like ON public.django_celery_results_chordcounter USING btree (group_id varchar_pattern_ops);


--
-- Name: django_celery_results_groupresult_group_id_a085f1a9_like; Type: INDEX; Schema: public; Owner: postgres
--

CREATE INDEX django_celery_results_groupresult_group_id_a085f1a9_like ON public.django_celery_results_groupresult USING btree (group_id varchar_pattern_ops);


--
-- Name: django_celery_results_taskresult_task_id_de0d95bf_like; Type: INDEX; Schema: public; Owner: postgres
--

CREATE INDEX django_celery_results_taskresult_task_id_de0d95bf_like ON public.django_celery_results_taskresult USING btree (task_id varchar_pattern_ops);


--
-- Name: django_session_expire_date_a5c62663; Type: INDEX; Schema: public; Owner: postgres
--

CREATE INDEX django_session_expire_date_a5c62663 ON public.django_session USING btree (expire_date);


--
-- Name: django_session_session_key_c0390e0f_like; Type: INDEX; Schema: public; Owner: postgres
--

CREATE INDEX django_session_session_key_c0390e0f_like ON public.django_session USING btree (session_key varchar_pattern_ops);


--
-- Name: orders_orderitem_order_id_fe61a34d; Type: INDEX; Schema: public; Owner: postgres
--

CREATE INDEX orders_orderitem_order_id_fe61a34d ON public.orders_orderitem USING btree (order_id);


--
-- Name: orders_orderitem_product_id_afe4254a; Type: INDEX; Schema: public; Owner: postgres
--

CREATE INDEX orders_orderitem_product_id_afe4254a ON public.orders_orderitem USING btree (product_id);


--
-- Name: products_category_author_id_id_cde8ab3e; Type: INDEX; Schema: public; Owner: postgres
--

CREATE INDEX products_category_author_id_id_cde8ab3e ON public.products_category USING btree (author_id_id);


--
-- Name: products_category_category_name_en_d9539144; Type: INDEX; Schema: public; Owner: postgres
--

CREATE INDEX products_category_category_name_en_d9539144 ON public.products_category USING btree (category_name_en);


--
-- Name: products_category_category_name_en_d9539144_like; Type: INDEX; Schema: public; Owner: postgres
--

CREATE INDEX products_category_category_name_en_d9539144_like ON public.products_category USING btree (category_name_en varchar_pattern_ops);


--
-- Name: products_category_category_name_ru_ec661adc; Type: INDEX; Schema: public; Owner: postgres
--

CREATE INDEX products_category_category_name_ru_ec661adc ON public.products_category USING btree (category_name_ru);


--
-- Name: products_category_category_name_ru_ec661adc_like; Type: INDEX; Schema: public; Owner: postgres
--

CREATE INDEX products_category_category_name_ru_ec661adc_like ON public.products_category USING btree (category_name_ru varchar_pattern_ops);


--
-- Name: products_category_category_name_zh_hans_e5abf555; Type: INDEX; Schema: public; Owner: postgres
--

CREATE INDEX products_category_category_name_zh_hans_e5abf555 ON public.products_category USING btree (category_name_zh_hans);


--
-- Name: products_category_category_name_zh_hans_e5abf555_like; Type: INDEX; Schema: public; Owner: postgres
--

CREATE INDEX products_category_category_name_zh_hans_e5abf555_like ON public.products_category USING btree (category_name_zh_hans varchar_pattern_ops);


--
-- Name: products_item_item_author_id_id_e6f639b0; Type: INDEX; Schema: public; Owner: postgres
--

CREATE INDEX products_item_item_author_id_id_e6f639b0 ON public.products_item USING btree (item_author_id_id);


--
-- Name: products_item_item_category_number_id_7c206116; Type: INDEX; Schema: public; Owner: postgres
--

CREATE INDEX products_item_item_category_number_id_7c206116 ON public.products_item USING btree (item_category_number_id);


--
-- Name: products_item_item_description_en_d6536dc3; Type: INDEX; Schema: public; Owner: postgres
--

CREATE INDEX products_item_item_description_en_d6536dc3 ON public.products_item USING btree (item_description_en);


--
-- Name: products_item_item_description_en_d6536dc3_like; Type: INDEX; Schema: public; Owner: postgres
--

CREATE INDEX products_item_item_description_en_d6536dc3_like ON public.products_item USING btree (item_description_en text_pattern_ops);


--
-- Name: products_item_item_description_ru_5335fd74; Type: INDEX; Schema: public; Owner: postgres
--

CREATE INDEX products_item_item_description_ru_5335fd74 ON public.products_item USING btree (item_description_ru);


--
-- Name: products_item_item_description_ru_5335fd74_like; Type: INDEX; Schema: public; Owner: postgres
--

CREATE INDEX products_item_item_description_ru_5335fd74_like ON public.products_item USING btree (item_description_ru text_pattern_ops);


--
-- Name: products_item_item_description_zh_hans_3a3ee5bf; Type: INDEX; Schema: public; Owner: postgres
--

CREATE INDEX products_item_item_description_zh_hans_3a3ee5bf ON public.products_item USING btree (item_description_zh_hans);


--
-- Name: products_item_item_description_zh_hans_3a3ee5bf_like; Type: INDEX; Schema: public; Owner: postgres
--

CREATE INDEX products_item_item_description_zh_hans_3a3ee5bf_like ON public.products_item USING btree (item_description_zh_hans text_pattern_ops);


--
-- Name: products_item_item_name_en_d66f26d4_like; Type: INDEX; Schema: public; Owner: postgres
--

CREATE INDEX products_item_item_name_en_d66f26d4_like ON public.products_item USING btree (item_name_en varchar_pattern_ops);


--
-- Name: products_item_item_name_ru_7eb3abe1_like; Type: INDEX; Schema: public; Owner: postgres
--

CREATE INDEX products_item_item_name_ru_7eb3abe1_like ON public.products_item USING btree (item_name_ru varchar_pattern_ops);


--
-- Name: products_item_item_name_zh_hans_d461ddee_like; Type: INDEX; Schema: public; Owner: postgres
--

CREATE INDEX products_item_item_name_zh_hans_d461ddee_like ON public.products_item USING btree (item_name_zh_hans varchar_pattern_ops);


--
-- Name: products_item_item_price_8de9dab0; Type: INDEX; Schema: public; Owner: postgres
--

CREATE INDEX products_item_item_price_8de9dab0 ON public.products_item USING btree (item_price);


--
-- Name: products_item_item_price_extra_new_1dbb5b7d; Type: INDEX; Schema: public; Owner: postgres
--

CREATE INDEX products_item_item_price_extra_new_1dbb5b7d ON public.products_item USING btree (item_price_extra_new);


--
-- Name: products_item_item_published_at_51757d2e; Type: INDEX; Schema: public; Owner: postgres
--

CREATE INDEX products_item_item_published_at_51757d2e ON public.products_item USING btree (item_published_at);


--
-- Name: accounts_customuser_user_permissions accounts_customuser__customuser_id_0deaefae_fk_accounts_; Type: FK CONSTRAINT; Schema: public; Owner: postgres
--

ALTER TABLE ONLY public.accounts_customuser_user_permissions
    ADD CONSTRAINT accounts_customuser__customuser_id_0deaefae_fk_accounts_ FOREIGN KEY (customuser_id) REFERENCES public.accounts_customuser(id) DEFERRABLE INITIALLY DEFERRED;


--
-- Name: accounts_customuser_groups accounts_customuser__customuser_id_bc55088e_fk_accounts_; Type: FK CONSTRAINT; Schema: public; Owner: postgres
--

ALTER TABLE ONLY public.accounts_customuser_groups
    ADD CONSTRAINT accounts_customuser__customuser_id_bc55088e_fk_accounts_ FOREIGN KEY (customuser_id) REFERENCES public.accounts_customuser(id) DEFERRABLE INITIALLY DEFERRED;


--
-- Name: accounts_customuser_user_permissions accounts_customuser__permission_id_aea3d0e5_fk_auth_perm; Type: FK CONSTRAINT; Schema: public; Owner: postgres
--

ALTER TABLE ONLY public.accounts_customuser_user_permissions
    ADD CONSTRAINT accounts_customuser__permission_id_aea3d0e5_fk_auth_perm FOREIGN KEY (permission_id) REFERENCES public.auth_permission(id) DEFERRABLE INITIALLY DEFERRED;


--
-- Name: accounts_customuser_groups accounts_customuser_groups_group_id_86ba5f9e_fk_auth_group_id; Type: FK CONSTRAINT; Schema: public; Owner: postgres
--

ALTER TABLE ONLY public.accounts_customuser_groups
    ADD CONSTRAINT accounts_customuser_groups_group_id_86ba5f9e_fk_auth_group_id FOREIGN KEY (group_id) REFERENCES public.auth_group(id) DEFERRABLE INITIALLY DEFERRED;


--
-- Name: auth_group_permissions auth_group_permissio_permission_id_84c5c92e_fk_auth_perm; Type: FK CONSTRAINT; Schema: public; Owner: postgres
--

ALTER TABLE ONLY public.auth_group_permissions
    ADD CONSTRAINT auth_group_permissio_permission_id_84c5c92e_fk_auth_perm FOREIGN KEY (permission_id) REFERENCES public.auth_permission(id) DEFERRABLE INITIALLY DEFERRED;


--
-- Name: auth_group_permissions auth_group_permissions_group_id_b120cbf9_fk_auth_group_id; Type: FK CONSTRAINT; Schema: public; Owner: postgres
--

ALTER TABLE ONLY public.auth_group_permissions
    ADD CONSTRAINT auth_group_permissions_group_id_b120cbf9_fk_auth_group_id FOREIGN KEY (group_id) REFERENCES public.auth_group(id) DEFERRABLE INITIALLY DEFERRED;


--
-- Name: auth_permission auth_permission_content_type_id_2f476e4b_fk_django_co; Type: FK CONSTRAINT; Schema: public; Owner: postgres
--

ALTER TABLE ONLY public.auth_permission
    ADD CONSTRAINT auth_permission_content_type_id_2f476e4b_fk_django_co FOREIGN KEY (content_type_id) REFERENCES public.django_content_type(id) DEFERRABLE INITIALLY DEFERRED;


--
-- Name: django_admin_log django_admin_log_content_type_id_c4bce8eb_fk_django_co; Type: FK CONSTRAINT; Schema: public; Owner: postgres
--

ALTER TABLE ONLY public.django_admin_log
    ADD CONSTRAINT django_admin_log_content_type_id_c4bce8eb_fk_django_co FOREIGN KEY (content_type_id) REFERENCES public.django_content_type(id) DEFERRABLE INITIALLY DEFERRED;


--
-- Name: django_admin_log django_admin_log_user_id_c564eba6_fk_accounts_customuser_id; Type: FK CONSTRAINT; Schema: public; Owner: postgres
--

ALTER TABLE ONLY public.django_admin_log
    ADD CONSTRAINT django_admin_log_user_id_c564eba6_fk_accounts_customuser_id FOREIGN KEY (user_id) REFERENCES public.accounts_customuser(id) DEFERRABLE INITIALLY DEFERRED;


--
-- Name: orders_orderitem orders_orderitem_order_id_fe61a34d_fk_orders_order_id; Type: FK CONSTRAINT; Schema: public; Owner: postgres
--

ALTER TABLE ONLY public.orders_orderitem
    ADD CONSTRAINT orders_orderitem_order_id_fe61a34d_fk_orders_order_id FOREIGN KEY (order_id) REFERENCES public.orders_order(id) DEFERRABLE INITIALLY DEFERRED;


--
-- Name: orders_orderitem orders_orderitem_product_id_afe4254a_fk_products_item_id; Type: FK CONSTRAINT; Schema: public; Owner: postgres
--

ALTER TABLE ONLY public.orders_orderitem
    ADD CONSTRAINT orders_orderitem_product_id_afe4254a_fk_products_item_id FOREIGN KEY (product_id) REFERENCES public.products_item(id) DEFERRABLE INITIALLY DEFERRED;


--
-- Name: products_category products_category_author_id_id_cde8ab3e_fk_accounts_; Type: FK CONSTRAINT; Schema: public; Owner: postgres
--

ALTER TABLE ONLY public.products_category
    ADD CONSTRAINT products_category_author_id_id_cde8ab3e_fk_accounts_ FOREIGN KEY (author_id_id) REFERENCES public.accounts_customuser(id) DEFERRABLE INITIALLY DEFERRED;


--
-- Name: products_item products_item_item_author_id_id_e6f639b0_fk_accounts_; Type: FK CONSTRAINT; Schema: public; Owner: postgres
--

ALTER TABLE ONLY public.products_item
    ADD CONSTRAINT products_item_item_author_id_id_e6f639b0_fk_accounts_ FOREIGN KEY (item_author_id_id) REFERENCES public.accounts_customuser(id) DEFERRABLE INITIALLY DEFERRED;


--
-- Name: products_item products_item_item_category_number_7c206116_fk_products_; Type: FK CONSTRAINT; Schema: public; Owner: postgres
--

ALTER TABLE ONLY public.products_item
    ADD CONSTRAINT products_item_item_category_number_7c206116_fk_products_ FOREIGN KEY (item_category_number_id) REFERENCES public.products_category(id) DEFERRABLE INITIALLY DEFERRED;


--
-- PostgreSQL database dump complete
--

--
-- PostgreSQL database cluster dump complete
--

